Job Title,Job Link,Employer,Salary,Location
Data Engineer,https://www.dice.com/job-detail/9e20a6d8-5523-49aa-8500-a59cb43151cb,GRT Corporation,"$118,140","Boca Raton, FL"
Looking for Data Engineer - ONSITE at MN,https://www.dice.com/job-detail/d228a129-9c12-4bb5-a926-73316f1ae43f,4-Serv Solutions Inc.,"$133,700","Bloomington, MN"
Data Engineer,https://www.dice.com/job-detail/5cb89677-2d9b-4fc6-974a-0100a300bfe5,Innovative Emergency Management,"$130,000",Unavailable
Data Engineer,https://www.jobmonkeyjobs.com/career/25517489/Data-Engineer-New-Jersey-Titusville-1306,Johnson & Johnson,"$141,450","Titusville, NJ"
Data Engineer - TS/SCI,https://www.gdit.com/careers/job/06a698bd0/data-engineer-tssci/,General Dynamics Information Technology,"$131,093","Pearl City, HI"
Data Engineer,https://www.dice.com/job-detail/ce89eb97-5d02-4374-b697-ce15752e1441,LTIMindtree,"$125,000",Unavailable
Data Engineer,https://www.dice.com/job-detail/630203f4-d9d1-480a-a742-19e00e24d129,LTIMindtree,"$125,000",Unavailable
Data Engineer,https://www.clearancejobs.com/jobs/7587791/data-engineer,Booz Allen Hamilton,"$133,000",HI
Data Engineer,https://www.dice.com/job-detail/db4bcc39-9114-4018-9fea-8c7ca32e2dd5,Booz Allen Hamilton,"$133,000","Halawa, HI"
Data Engineer,https://www.dice.com/job-detail/746faf21-b431-4df8-8b07-f7826eab561f,Dynamic Enterprise Solutions Inc,"$121,754","Columbus, OH"
Data Engineer,https://www.dice.com/job-detail/027ad43c-f5c1-4a14-8c5c-f8d5a0bc905d,Deltaclass Technology Solutions limited,"$136,556","Bristol, CT"
Data Engineer(Only W2),https://www.dice.com/job-detail/f4fc0439-fb24-4ffb-bb33-c4abe8b10841,"Veritis Group, Inc.","$101,421","Dallas, TX"
Data Engineers,https://www.dice.com/job-detail/b77b5f6d-4244-4eae-8a6c-0718fadd1717,Techgene Solutions LLC,"$117,959",TX
Staff Data Engineer,https://www.ventureloop.com/ventureloop/jobdetail.php?jobid=2675085&hc=garner-health&jt=staff-data-engineer,Garner Health,"$108,000",Unavailable
Staff Data Engineer,https://www.ventureloop.com/ventureloop/jobdetail.php?jobid=2675016&hc=headspace-health&jt=staff-data-engineer,Headspace Health,"$190,100",Unavailable
Data Engineer Job,https://jobs.paccar.com/job/Mount-Vernon-Data-Engineer-Job-WA-98273-9671/1041126101/,PACCAR,"$126,600","Mount Vernon, WA"
Data Engineer,https://workforcenow.adp.com/mascsr/default/mdf/recruitment/recruitment.html?cid=78dd0013-6bd8-4738-8296-6182dcb57373&ccId=19000101_000001&type=JS&lang=en_US,"IEM, Inc.","$100,000",Unavailable
Data Engineer,https://powertofly.com/jobs/detail/1762768,"Healthfirst, Inc.","$144,330",Unavailable
Data Engineer,https://www.clearancejobs.com/jobs/7573843/data-engineer,TEKsystems c/o Allegis Group,"$144,697","Hanscom AFB, MA"
Data Engineer,https://www.resume-library.com/job/view/144793731/data-engineer,"GTT, LLC","$120,115","Columbus, OH"
Data Engineer,https://boards.greenhouse.io/lendingtree/jobs/5747845,LendingTree,"$149,031","Seattle, WA"
Data Engineer,https://grabjobs.co/us/job/full-time/customer-service-guest-services/remote-data-engineer-42393305,LendingTree,"$130,000",Unavailable
Staff Data Engineer,https://himalayas.app/companies/everstream-analytics/jobs/staff-data-engineer,Everstream Analytics,"$130,000",Unavailable
Data Engineer - TS/SCI,https://tapwage.com/job/81404388-data-engineer-ts-sci,General Dynamics Information Technology,"$100,800","'Aiea, HI"
Data Engineer Healthcare Startup - Hiring Immediately,https://grabjobs.co/us/job/full-time/others/data-engineer-healthcare-startup-hiring-immediately-42360556,TechStarsGroup,"$142,000","Chicago, IL"
Data Engineer,https://tapwage.com/job/81422202-data-engineer,SSM HealthCare,"$107,959","Mission Hill, SD"
Data Engineer,https://www.remoterocketship.com/company/blavityinc/jobs/data-engineer-united-states,Blavity Inc.,"$140,000",Unavailable
Data Engineer,https://tapwage.com/job/81421229-data-engineer,Bana Solutions,"$144,788","Washington, DC"
Data Engineer,https://builtin.com/job/data-engineer/2331347,ALM Global,"$120,000",Unavailable
Data Engineer,https://careers.rangam.com/jobs/jobdetails/115731/data-engineer-columbus-oh-us,Rangam Consultants,"$130,000",Unavailable
Data Engineer,https://www.dice.com/job-detail/f6580018-b432-4426-9559-12d5913734cf,mindlance,"$121,754","Columbus, OH"
Data Engineer,https://www.dice.com/job-detail/9c14bd96-7e31-4f2c-ac28-a83c2b4f9856,Divihn Integration Inc.,"$121,754","Columbus, OH"
Data Engineer,https://spectraforce.com/Careers/JobDetails.html?jobid=427a712b-d787-49e3-8165-35f837c7f263&OrgId=1&UserId=47,SPECTRAFORCE TECHNOLOGIES Inc.,"$111,307","Columbus, OH"
Staff Data Engineer,https://builtin.com/job/staff-data-engineer/2328735,Everstream Analytics,"$130,000",Unavailable
Data Engineer - Onsite,https://www.dice.com/job-detail/d6be4382-b127-454a-b5af-8ca8ea8229d7,VIVA USA INC,"$146,105","Columbus, OH"
Staff Data Engineer,https://startup.jobs/staff-data-engineer-core-scientific-5219810,Core Scientific,"$131,000",Unavailable
Data Engineer,https://www.optnation.com/data-engineer-job-in-texas-city-tx-view-jobid-36240,Apollose,"$124,101","Texas City, TX"
Data Engineer,https://startup.jobs/data-engineer-public-storage-5219729,Public Storage,"$130,000",Unavailable
AWS Data Engineer,https://www.dice.com/job-detail/aa986424-50ba-4e3a-b48d-b0a04803e2c6,"Lorven Technologies, Inc.","$173,745","Reston, VA"
Data Engineer,https://tapwage.com/job/81362243-data-engineer,PURPOSE FINANCIAL,"$91,620","Greenville, SC"
Data Engineer,https://www.dice.com/job-detail/b3599985-4e40-49f7-9776-156e900ec1b0,"Pyramid Consulting, Inc.","$146,100","Alpharetta, GA"
Data Engineer,https://www.remoterocketship.com/company/vngrs/jobs/data-engineer-turkey,VNGRS,"$95,000",Unavailable
Data Engineer,https://startup.jobs/data-engineer-asana-5221969,Asana,"$209,000","San Francisco, CA"
Data Engineer,https://hexcel.wd5.myworkdayjobs.com/en-US/HexcelCareers/job/USA---UT---Salt-Lake-City-Fibers/Data-Engineer_R017855,Hexcel Corporation,"$99,990","Salt Lake City, UT"
Data Engineer,https://tapwage.com/job/81325395-data-engineer,Renown Health,"$142,069","Reno, NV"
Data Engineer,https://builtin.com/job/data-engineer/2328670,Bana Solutions,"$130,000",Unavailable
Data Engineer,https://tapwage.com/job/81364814-data-engineer,Atmosphere Tv,"$102,196","Austin, TX"
Data Engineer,https://tapwage.com/job/81307959-data-engineer,Notion,"$235,000","San Francisco, CA"
Data Engineer,https://www.resume-library.com/job/view/144601116/data-engineer,HonorVet Technologies,"$124,101","Houston, TX"
Data Engineer,https://tapwage.com/job/81212806-data-engineer,Federato Technologies,"$139,939","San Francisco, CA"
Staff Data Engineer,https://ai-jobs.net/job/141193-staff-data-engineer/,Core Scientific,"$140,000","Austin, TX"
AWS Data Engineer - Start Immediately,https://grabjobs.co/us/job/full-time/others/aws-data-engineer-start-immediately-42234325,Excelon Solutions,"$144,788","McLean, VA"
Data Engineer (Contract),https://tapwage.com/job/81194978-data-engineer-contract,Aputure,"$146,100","Glendale, CA"
Data Engineer,https://www.teamblind.com/jobs/32292753,SurveyMonkey,"$160,320",Unavailable
Data Engineer,https://tapwage.com/job/81220390-data-engineer,SGS Consulting,"$166,971","Menlo Park, CA"
Data Engineer,https://www.dice.com/job-detail/312ea885-7bd2-486c-b26f-27f8f1a4a43d,Harvey Nash Inc.,"$156,000",Unavailable
Data Engineer,https://tapwage.com/job/81219654-data-engineer,SGS Consulting,"$123,014","Austin, TX"
Data Engineer,https://tapwage.com/job/81094651-data-engineer,Ownwell,"$102,196","Austin, TX"
Data Engineer,https://www.dice.com/job-detail/dddfd7f1-3a49-4cb6-bbd0-20cc753e7908,TEKsystems c/o Allegis Group,"$149,031","Bellevue, WA"
Data Engineer,https://tapwage.com/job/81247553-data-engineer,Kümo,"$169,335","Mountain View, CA"
Data Engineer,https://startup.jobs/data-engineer-aws-tiger-analytics-5211417,Tiger Analytics,"$187,547","Jersey City, NJ"
Data Engineer,https://tapwage.com/job/81122088-data-engineer,The Ht Group,"$120,000","Austin, TX"
Data Engineer,https://jobs.chronicle.com/job/37610358/data-engineer/,Florida Memorial University,"$118,140","Miami Gardens, FL"
Data Engineer,https://efds.fa.em5.oraclecloud.com/hcmUI/CandidateExperience/en/sites/CX_1/requisitions/preview/24978,Ford Motor Company,"$130,000",Unavailable
Data Engineer,https://tapwage.com/job/81169634-data-engineer,Prizeout,"$175,000","New York, NY"
Data Engineer,https://efds.fa.em5.oraclecloud.com/hcmUI/CandidateExperience/en/sites/CX_1/requisitions/preview/24978,Ford,"$130,000",Unavailable
Staff Data Engineer,https://tapwage.com/job/81257420-staff-data-engineer,Strider Technologies,"$144,430","South Jordan, UT"
Data Engineer,https://tapwage.com/job/81123527-data-engineer,National Funding,"$151,000","La Jolla, CA"
Data Engineer,https://www.disabledperson.com/jobs/57687625-data-engineer,Motiva Enterprises LLC,"$124,101","Houston, TX"
Data Engineer,https://www.clearancejobs.com/jobs/7573844/data-engineer,ALTUS CONSULTING CORP,"$120,285","Herndon, VA"
Data Engineer,https://www.dice.com/job-detail/64aa4639-454b-4a43-8bc7-18d6bea1e40b,Robert Half,"$130,542","Conshohocken, PA"
( Only W2) Data Engineer,https://www.dice.com/job-detail/8345a757-e5f2-43ee-a1ff-3653c35162c1,"Tanisha Systems, Inc.","$130,000",Unavailable
ML Data Engineer,https://www.dice.com/job-detail/023e6d99-4eb7-4fd2-976b-d797ce45419c,"Softpath System, LLC.","$130,000",Unavailable
Data Engineer,https://www.remoterocketship.com/company/instride/jobs/data-engineer-united-states,INSTRIDE,"$165,000",Unavailable
Data Engineer,https://www.dice.com/job-detail/7ee12525-8b9e-4171-acf1-ead5ef1efc8a,"Denali Advanced Integration, Inc","$149,031","Redmond, WA"
Data Engineer,https://tapwage.com/job/81074921-data-engineer,Vaco,"$146,204","Los Angeles, CA"
Data Engineer,https://jobs.cvshealth.com/job/19944511/data-engineer-annapolis-junction-md/,CVS Health Corporation,"$129,751","Annapolis, MD"
Data Engineer,https://search.retirementjobs.com/job/data-engineer-annapolis-junction-maryland-28091134,"Aetna, Inc","$129,751","Annapolis, MD"
Data Engineer,https://www.careersinfood.com/data-engineer-job-1638974.htm,Adm,"$98,603","Erlanger, KY"
Data Engineer,https://ai-jobs.net/job/140368-data-engineer/,Beyond Identity,"$180,000","New York, NY"
Data Engineer,https://builtin.com/job/data-engineer/2321717,"CuriMeta, Inc.","$108,000",Unavailable
Data Engineer,https://www.builtinchicago.org/job/front-end-digital-engineer/240344,Waltz Health,"$110,168","Chicago, IL"
Data Engineer,https://ivyexec.com/jobs-and-research-studies-search/job/9561609?ref=organic_job&promo=welcome,KKR,"$122,081","Dallas, TX"
Data Engineer,https://www.dice.com/job-detail/ce1629c4-eb24-4954-942a-19a94bb5931e,Cgi,"$209,100","Hartford, CT"
Data Engineer,https://iitjobs.com/job-details/data-engineer/sunrise-florida-usa/net2source-inc/11510,Net2Source Inc,"$118,140","Sunrise, FL"
Data Engineer,https://www.dice.com/job-detail/cbe19062-073d-4fc0-99e9-283091a1b39a,Syeta Inc,"$156,000",Unavailable
Data Engineer,https://jobs.institutedata.com/job/2538105/data-engineer/,GreatSchools,"$202,134","Oakland, CA"
Data Engineer,https://globaleur232.dayforcehcm.com/CandidatePortal/en-US/Copart/Posting/View/25622,Copart,"$122,081","Dallas, TX"
Data Engineer,https://globalus232.dayforcehcm.com/CandidatePortal/en-US/alm/Posting/View/899,"ALM Media, LLC","$120,000","Erlanger, KY"
Data Engineer,https://globalus232.dayforcehcm.com/CandidatePortal/en-US/alm/Posting/View/899,"ALM Media, LLC","$120,000","Erlanger, KY"
Data Engineer,https://globalus232.dayforcehcm.com/CandidatePortal/en-US/alm/Posting/View/899,"ALM Media, LLC","$120,000","Erlanger, KY"
Data Engineer,https://ibegin.tcs.com/iBegin/jobs/297371J,Tata Consultancy Services - Global,"$125,000","San Diego, CA"
Data Engineer,https://jobs.institutedata.com/job/2532509/data-engineer/,HireRising,"$122,862","Phoenix, AZ"
Data Engineer,https://www.selectgroup.com/career-seekers/careers/data-engineer-bbbh67921/,THE SELECT GROUP LLC,"$124,101","Houston, TX"
Data Engineer,https://www.disabledperson.com/jobs/57645867-data-engineer,APower Engineering Pte Ltd,"$114,745","Lutz, FL"
Data Engineer,https://jobs.institutedata.com/job/2533929/data-engineer/,"ReqRoute, Inc","$132,610","Chicago, IL"
Data Engineer,https://builtin.com/job/data-engineer/2319633,OVERHAUL,"$123,014","Austin, TX"
Data Engineer,https://startup.jobs/data-engineer-sia-partners-5128719,Sia Partners,"$116,000",NY
Data Engineer,https://startup.jobs/data-engineer-sia-partners-5128721,Sia Partners,"$104,000",Unavailable
Staff Data Engineer,https://www.ventureloop.com/ventureloop/jobdetail.php?jobid=2669730&hc=headspace-health&jt=staff-data-engineer,Headspace Health,"$190,100",Unavailable
Data Engineer,https://www.clearancejobs.com/jobs/7559191/data-engineer,Millennium Corporation,"$143,555",PA
Data Engineer,https://careers.pella.com/jobs/data-engineer-7186,Pella Corporation,"$113,608",IA
Data Engineer - Start Immediately,https://grabjobs.co/us/job/full-time/others/data-engineer-start-immediately-42289724,Robert Half,"$95,000","Cleveland, OH"
Staff Data Engineer,https://venturefizz.com/jobs/staff-data-engineer-at-simplisafe,SimpliSafe,"$140,000","Boston, MA"
Data Engineer,https://jobs.institutedata.com/job/2520802/data-engineer/,VARO,"$168,445","San Francisco, CA"
Data Engineer,https://grabjobs.co/us/job/full-time/technology/data-engineer-42076952,OrthoNebraska,"$97,032","Omaha, NE"
Data Engineer,https://www.ventureloop.com/ventureloop/jobdetail.php?jobid=2670336&hc=weee&jt=data-engineer,Weee!,"$180,000","Fremont, CA"
Data Engineer,https://jobs.institutedata.com/job/2514939/data-engineer/,Vbeyond Corporation,"$148,333",NY
Data Engineer - Contract,https://jobs.institutedata.com/job/2533101/data-engineer-contract/,Tekdoors,"$147,434","Phoenix, AZ"
Data Engineer,https://workforcenow.adp.com/mascsr/default/mdf/recruitment/recruitment.html?cid=fd0b11f1-419b-47c1-b1c8-8fa989415cd2&ccId=19000101_000001&type=MP&lang=en_US,"DAI, Inc.","$149,031","Redmond, WA"
Data Engineer,https://de.jobsyn.org/eb16f03ebe9e499587cfd979c2638b3e1387,Randstad US,"$99,139","Minneapolis, MN"
"Data Engineer (Onsite based in Dallas, TX)",https://tapwage.com/job/80827632-data-engineer-onsite-based-in-dallas-tx,Tenet Healthcare,"$101,421","Dallas, TX"
Data Engineer,https://careers-ambest.icims.com/jobs/1725/data-engineer/job?in_iframe=1,A.M. Best Company,"$143,853",NJ
Data Engineer,https://jobs.institutedata.com/job/2515736/data-engineer/,DONATO TECHNOLOGIES INC,"$121,754","Columbus, OH"
Data Engineer,https://jobs.institutedata.com/job/2530378/data-engineer/,TekPlant Inc.,"$134,979","Orlando, FL"
Data Engineer,https://tapwage.com/job/80823841-data-engineer,Actalent,"$99,953","Kansas City, MO"
Data Engineer,https://www.clearancejobs.com/jobs/7560780/data-engineer,Shee Atiká Government Services (SGS),"$100,000",Unavailable
Data Engineer / Data Engineer,https://jobs.institutedata.com/job/2538969/data-engineer-data-engineer/,DNV,"$150,000","Madison, WI"
Data Engineer,https://startup.jobs/data-engineer-middle-seat-5046444,Middle Seat,"$100,000",WA
Data Engineer,https://grabjobs.co/us/job/full-time/healthcare-careworkers/data-engineer-42026664,Middle Seat,"$100,000","Washington, DC"
Data Engineer,https://ai-jobs.net/job/135380-data-engineer/,ExodusPoint,"$138,000","New York, NY"
Data Engineer,https://www.dice.com/job-detail/da77c2f2-6ef4-4ebb-8e40-ade358c57901,1 Point System,"$142,069","Reno, NV"
Data Engineer,https://chordenergy.wd1.myworkdayjobs.com/en-US/external/job/Houston-TX---Corporate/Data-Engineer_R0001865-2,Chord Energy,"$124,101","Houston, TX"
Data Engineer,https://jobs.institutedata.com/job/2527740/data-engineer/,Randstad Technologies,"$99,139","Minneapolis, MN"
Data Engineer,https://tapwage.com/job/80837800-data-engineer,Corteva,"$118,205","Johnston, IA"
AWS Data Engineer Onsite,https://tapwage.com/job/80806494-aws-data-engineer-onsite,Cognizant Technology Solutions Corporation,"$142,248","Raleigh, NC"
Data Engineer,https://jobs.institutedata.com/job/2505903/data-engineer/,Chabez Tech LLC,"$122,081","Frisco, TX"
Data Engineer,https://jobs.institutedata.com/job/2505921/data-engineer/,ABN Tech Corp,"$122,081","Frisco, TX"
Data Engineer,https://tapwage.com/job/80964151-data-engineer,Amazon,"$81,000","Seattle, WA"
Data Engineer / Data Engineer,https://jobs.institutedata.com/job/2509257/data-engineer-data-engineer/,KTEK RESOURCING LLC,"$121,754","Columbus, OH"
Data Engineer,https://jobs.institutedata.com/job/2508135/data-engineer/,AmerisourceBergen,"$120,890","Conshohocken, PA"
Data Engineer,https://jobs.institutedata.com/job/2511110/data-engineer/,"Tanisha Systems, Inc.","$121,754","Columbus, OH"
Data Engineer,https://boards.greenhouse.io/instride/jobs/4254095007,INSTRIDE,"$165,000","Los Angeles, CA"
Data Engineer,https://himalayas.app/companies/kin-carta/jobs/data-engineer-650708528,Kin + Carta,"$130,000",Unavailable
Data Engineer,https://tapwage.com/job/80803101-data-engineer,Datavant,"$130,000",Unavailable
Data Engineer,https://datajobs.com/Disney-Streaming-Services/Data-Engineer-Job~13190,Disney Streaming Services,"$129,840","New York, NY"
Staff Data Engineer,https://datajobs.com/the-Walt-Disney-Company/Staff-Data-Engineer-Job~12156,The Walt Disney Company,"$149,031","Seattle, WA"
Data Engineer,https://diversityjobs.com/career/7343966/Data-Engineer-New-Mexico,Meow Wolf,"$105,960",NM
Data Engineer,https://datajobs.com/Achievement-Network-ANet/Data-Engineer-Job~15487,Achievement Network (ANet),"$144,697","Boston, MA"
Data Engineer-R01129127,https://de.jobsyn.org/a429f924d8a245418346cd68eec60db71387,3M,"$133,700","Maplewood, MN"
Data Engineer,https://jobs.institutedata.com/job/2520270/data-engineer/,Generis Tek Inc.,"$122,081","Dallas, TX"
Data Engineer,https://jobs.institutedata.com/job/2503443/data-engineer/,my it llc,"$175,445","Los Angeles, CA"
Data Engineer,https://jobs.institutedata.com/job/2523530/data-engineer/,Cynet Systems,"$135,664","New York, NY"
Data Engineer,https://jobs.institutedata.com/job/2519527/data-engineer/,DCM INFOTECH LIMITED,"$135,880","Jacksonville, FL"
Data Engineer - 306840,https://www.builtinchicago.org/job/data-engineer-306840/241063,Grainger,"$159,132","Chicago, IL"
Data Engineer,https://grabjobs.co/us/job/full-time/warehousing/data-engineer-41980379,DVG Tech Solutions LLC,"$203,202","San Jose, CA"
Data Engineer,https://startup.jobs/data-engineer-hellofresh-5041833,HelloFresh,"$125,000",NY
Data Engineer,https://www.clearancejobs.com/jobs/7554809/data-engineer,Amplify Federal,"$150,000","Alexandria, VA"
Data Engineer,https://www.clearancejobs.com/jobs/7552761/data-engineer,Calhoun International,"$131,093","Honolulu, HI"
Data Engineer,https://www.disabledperson.com/jobs/57546163-data-engineer,Triwest Healthcare Alliance,"$112,000","Phoenix, AZ"
Data Engineer / Data Engineer,https://jobs.institutedata.com/job/2507692/data-engineer-data-engineer/,DNV,"$150,000","Reno, NV"
Data Engineer,https://himalayas.app/companies/acentra-health/jobs/data-engineer,Acentra Health,"$145,000",Unavailable
Data Engineer,https://careers.leidos.com/jobs/13965041-data-engineer,Leidos,"$117,500","Rockville, MD"
Data Engineer,https://grabjobs.co/us/job/full-time/admin-operations/data-engineer-41906795,The LaSalle Network Inc,"$132,610","Northbrook, IL"
ML Data Engineer,https://www.dice.com/job-detail/b94c073f-873f-4bef-a148-afa8ea2084a5,Vbeyond Corporation,"$148,333",NY
Data Engineer,https://www.disabledperson.com/jobs/57481430-data-engineer,3M,"$133,700","Maplewood, MN"
Data Engineer - 10079,https://www.dice.com/job-detail/bcdd6061-50aa-474e-8bd9-ed4ef755d494,Blue Stone Staffing,"$133,700","Bloomington, MN"
Data Engineers,https://iitjobs.com/job-details/data-engineers/herndon-va-usa/vista-applied-solutions-group-inc/10464,VISTA APPLIED SOLUTIONS GROUP INC,"$144,788","Herndon, VA"
Data Engineer- Remote 12 Month Contract,https://www.dice.com/job-detail/a841e34d-f950-4f75-a460-11911e9a4754,Oscar Technology,"$125,228",Unavailable
Data Engineer - Remote,https://www.dice.com/job-detail/f6b06649-320d-4738-90fa-8c7cc4065522,Oscar Technology,"$135,664",Unavailable
Data Engineer,https://careers.hellofresh.com/global/en/job/5703756/Data-Engineer,HelloFresh,"$125,000","Boulder, CO"
Data Engineer,https://www.diversityjobboard.com/job/data-engineer-dallas-tx-a2b859c96d13e9607131c3fd45334d71b,LTK USA,"$101,421","Dallas, TX"
Data Engineer,https://jobs.getcrg.com/#/jobs/13168,CRG,"$104,357","Charlotte, NC"
Data Engineer,https://de.jobsyn.org/bfbc86673ce64ca28065c4afc4bd60b91399,Ford Motor Company,"$121,754","Columbus, OH"
Data Engineer,https://de.jobsyn.org/c44611dd5c0b455b9a5ca1e858cf279f1387,Ford Motor Company,"$133,700","Saint Paul, MN"
Data Engineer,https://tapwage.com/job/80649449-data-engineer,Valiant Integrated Services,"$116,791","Virginia Beach, VA"
Data Engineer,https://main.hercjobs.org/jobs/19749858/data-engineer,Stanford University,"$150,000","Stanford, CA"
Data Engineer,https://www.inspyrsolutions.com/job/24-00796-data-engineer-charlotte-nc/,Inspyr Solutions,"$121,054","Charlotte, NC"
Engineer - Data,https://jobs.institutedata.com/job/2512355/engineer-data/,"NTT DATA Americas, Inc","$122,081","Plano, TX"
Data Engineer,https://tapwage.com/job/80648851-data-engineer,LMI,"$156,000",Unavailable
Data Engineer,https://aexp.eightfold.ai/careers?pid=20631109&domain=aexp.com,American Express,"$150,000","Phoenix, AZ"
Data Engineer,https://tapwage.com/job/80637968-data-engineer,E&J Gallo Winery,"$131,051","Modesto, CA"
Data Engineer,https://tapwage.com/job/80599521-data-engineer,3M,"$128,952",MN
Data Engineer,https://3m.wd1.myworkdayjobs.com/en-US/Search/job/Remote---Minnesota/Data-Engineer_R01129127,3M COMPANY,"$128,952",MN
Data Engineer,https://jobs.institutedata.com/job/2497191/data-engineer/,Smart Caliber Technology,"$160,440","Minneapolis, MN"
Data Engineer,https://www.virtusa.com/careers/us/new-york/data-analytics/data-engineer/creq179815,Virtusa Corporation,"$135,000",NY
Staff Data Engineer,https://grabjobs.co/us/job/full-time/technology/staff-data-engineer-42335469,KForce Technology,"$120,000","Kalamazoo, MI"
Data Engineer,https://federalgovernmentjobs.us/jobs/Data-Engineer-776111800.html,Office of the Chief of Staff of the Army,"$181,216","Arlington, VA"
Data Engineer,https://www.optnation.com/data-engineer-job-in-new-york-ny-view-jobid-36106,VST Consulting,"$150,278","New York, NY"
Data Engineer,https://grabjobs.co/us/job/full-time/warehousing/data-engineer-41905664,Cyber Sphere LLC,"$118,140","Fort Lauderdale, FL"
Data Engineer,https://www.diversityfirstjobs.com/jobs/306182176-data-engineer-at-transunion-llc,TransUnion LLC,"$129,840","White Plains, NY"
Data Engineer,https://www.diversityfirstjobs.com/jobs/306182177-data-engineer-at-transunion-llc,TransUnion LLC,"$109,007",OR
Data Engineer,https://www.kforce.com/find-work/search-jobs/#/detail/MTY5Nn5XUUd-MjEwMzAzN1Qxfjk5/,Kforce Inc.,"$146,204","Los Angeles, CA"
Data Engineer - Remote - Rewarding Work,https://grabjobs.co/us/job/full-time/others/data-engineer-remote-rewarding-work-41896151,Avispa Technology,"$156,535","Los Angeles, CA"
Data Engineer,https://tapwage.com/job/80606740-data-engineer,Hub International,"$90,000","Chicago, IL"
Data Engineer,https://www.disabledperson.com/jobs/57452378-data-engineer,Biophase,"$141,900","San Diego, CA"
Data Engineer,https://jobs.institutedata.com/job/2492242/data-engineer/,Marlabs LLC,"$107,556","Bentonville, AR"
Data Engineer,https://jobs.institutedata.com/job/2494172/data-engineer/,peer consulting resources,"$177,999",NY
Data Engineer,https://www.disabledperson.com/jobs/57450334-data-engineer,Burtch Works,"$144,788","Arlington, VA"
Data Engineer,https://powertofly.com/jobs/detail/1591213,AbbVie,"$127,687",IL
Data Engineer / Data Engineer,https://jobs.institutedata.com/job/2533955/data-engineer-data-engineer/,DNV,"$150,000","Portland, ME"
Data Engineer / Data Engineer,https://jobs.institutedata.com/job/2538589/data-engineer-data-engineer/,DNV,"$150,000","North Andover, MA"
Data Engineer / Data Engineer,https://jobs.institutedata.com/job/2504425/data-engineer-data-engineer/,DNV,"$150,000","Detroit, MI"
Data Engineer,https://jobs.institutedata.com/job/2488873/data-engineer/,ESB Technologies,"$147,434","Arizona City, AZ"
Data engineer of,https://jobs.institutedata.com/job/2488336/data-engineer-of/,Franklin Infotech Inc.,"$124,101","Houston, TX"
Data Engineer,https://jobs.institutedata.com/job/2491000/data-engineer/,Emerald,"$130,000","New York, NY"
Data Engineer,https://tapwage.com/job/80555564-data-engineer,Principal Financial Group,"$98,201","Des Moines, IA"
Data Engineer,https://himalayas.app/companies/zelus-analytics/jobs/data-engineer,Zelus Analytics,"$150,000",Unavailable
Data Engineer,https://tapwage.com/job/80560460-data-engineer,Massachusetts General Hospital,"$120,210","Boston, MA"
Data Engineer,https://www.dice.com/job-detail/dbd0ddda-7d70-4c3a-b6b9-cd04e44264a2,Robert Half,"$120,087","Richmond, VA"
Data Engineer (L5),https://www.dice.com/job-detail/ec4a3287-c40e-4817-a7fa-7b5be058306c,"Netflix, Inc.","$130,000",Unavailable
Data Engineer,https://himalayas.app/companies/waymark/jobs/data-engineer,Waymark,"$180,000",Unavailable
Data Engineer / Data Engineer,https://jobs.institutedata.com/job/2514224/data-engineer-data-engineer/,DNV,"$150,000","Oakland, CA"
Data Engineer / Data Engineer,https://jobs.institutedata.com/job/2508114/data-engineer-data-engineer/,DNV,"$150,000","Medford, MA"
Data Engineer / Data Engineer,https://jobs.institutedata.com/job/2510582/data-engineer-data-engineer/,DNV,"$150,000","Nashville, TN"
Data Engineer / Data Engineer,https://jobs.institutedata.com/job/2506736/data-engineer-data-engineer/,DNV,"$150,000","Jacksonville, FL"
Data Engineer / Data Engineer,https://jobs.institutedata.com/job/2540966/data-engineer-data-engineer/,DNV,"$150,000","Corvallis, OR"
Data Engineer / Data Engineer,https://jobs.institutedata.com/job/2544505/data-engineer-data-engineer/,DNV,"$150,000","Miami, FL"
Data Engineer / Data Engineer,https://jobs.institutedata.com/job/2520646/data-engineer-data-engineer/,DNV,"$150,000","San Diego, CA"
Data Engineer / Data Engineer,https://jobs.institutedata.com/job/2499682/data-engineer-data-engineer/,DNV,"$150,000","Austin, TX"
Data Engineer / Data Engineer,https://jobs.institutedata.com/job/2489129/data-engineer-data-engineer/,DNV,"$150,000","Portland, OR"
Data Engineer / Data Engineer,https://jobs.institutedata.com/job/2494122/data-engineer-data-engineer/,DNV,"$150,000","Cincinnati, OH"
Data Engineer - Urgent Position,https://grabjobs.co/us/job/full-time/others/data-engineer-urgent-position-41791668,MetaPhase Consulting,"$155,000","Washington, DC"
Data Engineer,https://web3.career/data-engineer-coinbase/61369,Coinbase,"$165,000",Unavailable
Data Engineer,https://www.dice.com/job-detail/27de180b-4895-47a3-9ecc-c5ba34836c42,Leverage Technologies,"$169,335","Sunnyvale, CA"
Data Engineer,https://jobs.institutedata.com/job/2485940/data-engineer/,Motion Recruitment,"$132,610","Chicago, IL"
Data Engineer,https://jobs.institutedata.com/job/2498603/data-engineer/,HAN IT Staffing Inc.,"$156,650","Philadelphia, PA"
Data Engineer,https://jobs.institutedata.com/job/2486579/data-engineer/,Motion Recruitment,"$144,697","Boston, MA"
"Data Engineer---Augusta, GA (100% Onsite)",https://www.dice.com/job-detail/39806dda-9a9f-466d-8c43-9170be19d86b,Reliant Vision Group Inc,"$104,968","Augusta, GA"
Data Engineer,https://jobs.institutedata.com/job/2496543/data-engineer/,mindlance,"$168,445","South San Francisco, CA"
Data Engineer - AWS,https://www.remoterocketship.com/company/3pillarglobal/jobs/data-engineer-aws-mexico,3Pillar Global,"$130,000",Unavailable
Data Engineer,https://jobs.institutedata.com/job/2486220/data-engineer/,Harvey Nash Inc.,"$146,538","O'Fallon, MO"
Data Engineer,https://jobs.vaco.com/job/11647/data_engineer/en,Vaco,"$125,000","Saint Petersburg, FL"
Data Engineer,https://www.clearancejobs.com/jobs/7545205/data-engineer,Accenture Federal Services,"$170,800","Tysons Corner, VA"
Data Engineer -,https://grabjobs.co/us/job/full-time/warehousing/remote-data-engineer--41716471,Grainger Businesses,"$156,000",Unavailable
Data Engineer - Immediate Start,https://grabjobs.co/us/job/full-time/others/data-engineer-immediate-start-41680605,Actalent,"$146,000","San Diego, CA"
Staff Engineer - Data,https://tapwage.com/job/80497997-staff-engineer-data,Adyen,"$159,132","Chicago, IL"
Data Engineer / Data Engineer,https://jobs.institutedata.com/job/2509721/data-engineer-data-engineer/,DNV,"$150,000","Rochester, NY"
Data Engineer / Data Engineer,https://jobs.institutedata.com/job/2535395/data-engineer-data-engineer/,DNV,"$150,000","Oak Brook, IL"
Data Engineer / Data Engineer,https://jobs.institutedata.com/job/2540666/data-engineer-data-engineer/,DNV,"$150,000","Houston, TX"
Data Engineer / Data Engineer,https://jobs.institutedata.com/job/2526906/data-engineer-data-engineer/,DNV,"$150,000","Las Vegas, NV"
Data Engineer / Data Engineer,https://jobs.institutedata.com/job/2537833/data-engineer-data-engineer/,DNV,"$150,000","Dallas, TX"
Data Engineer / Data Engineer,https://grabjobs.co/us/job/full-time/customer-service-guest-services/data-engineer-data-engineer-41798432,DNV,"$150,000","Middletown, CT"
Data Engineer / Data Engineer,https://jobs.institutedata.com/job/2493209/data-engineer-data-engineer/,DNV,"$150,000","Phoenix, AZ"
Data Engineer,https://tapwage.com/job/80511536-data-engineer,City Of New York,"$156,289","New York, NY"
Data Engineer,https://careers.bwxt.com/job/Barberton-Data-Engineer-OH/1130629900/,BWX Technologies,"$97,000","Barberton, OH"
Data Engineer,https://careers.bwxt.com/job/Lynchburg-Data-Engineer-VA-24501/1130630100/,BWX Technologies,"$97,000","Lynchburg, VA"
Data Engineer,https://www.coinbase.com/careers/positions/5673461,Coinbase,"$165,000",Unavailable
Data Engineer,https://tapwage.com/job/80402330-data-engineer,Emerald X,"$130,000","San Juan Capistrano, CA"
Data Engineer,https://www.remoterocketship.com/company/picus-security/jobs/data-engineer-turkey,Picus Security,"$125,000",Unavailable
Data Engineer - Urgent Hire,https://grabjobs.co/us/job/full-time/others/data-engineer-urgent-hire-41601266,Marquee Staffing - CB,"$141,900","San Diego, CA"
Data Engineer,https://grabjobs.co/us/job/full-time/technology/data-engineer-41635207,ANALYTICA,"$144,788","Bethesda, MD"
Data Engineer,https://ai-jobs.net/job/130096-data-engineer/,PIVOTAL,"$153,000","Palo Alto, CA"
Data Engineer - 306840,https://jobs.grainger.com/job/LAKE-FOREST-Data-Engineer-306840-IL-60045-5201/1130041200/,Grainger,"$159,132","Lake Forest, IL"
Data Engineer,https://grabjobs.co/us/job/full-time/warehousing/data-engineer-41715064,Info Way Solutions,"$168,445","Fremont, CA"
Data Engineers - Rewarding Work,https://grabjobs.co/us/job/full-time/others/data-engineers-rewarding-work-41638338,Intone Networks Inc,"$104,914","Yuma, AZ"
Data Engineer,https://grabjobs.co/us/job/full-time/warehousing/data-engineer-41874982,aKube Inc,"$223,324","Los Angeles, CA"
Data Engineer,https://jobs.institutedata.com/job/2483799/data-engineer/,CamoAg,"$132,610","Palatine, IL"
Data Engineer,https://tapwage.com/job/80417928-data-engineer,ECS,"$120,285","Fairfax, VA"
Data Engineer,https://apply.workable.com/coresite/j/02A89C5814/,"Coresite, Llc","$110,000","Denver, CO"
Data Engineer / Data Engineer,https://jobs.institutedata.com/job/2504056/data-engineer-data-engineer/,DNV,"$150,000","Chalfont, PA"
Data Engineer / Data Engineer,https://jobs.institutedata.com/job/2490059/data-engineer-data-engineer/,DNV,"$150,000","New York, NY"
Data Engineer,https://tapwage.com/job/80584253-data-engineer,AltaMed,"$175,445","Montebello, CA"
Data Engineer,https://www.optnation.com/data-engineer-job-in-plano-tx-view-jobid-36082,Blueera Technologies,"$104,357","Plano, TX"
AWS Data Engineer,https://www.dice.com/job-detail/8626379e-b1c5-495c-8b86-03a19a9acbdd,HL Solutions LLC,"$173,745","Reston, VA"
Data Engineer,https://emerald.jibeapply.com/jobs/2021,Emerald Expositions,"$130,000","New York, NY"
Data Engineer,https://emerald.jibeapply.com/jobs/2021,Emerald Expositions,"$130,000","New York, NY"
Data Engineer,https://emerald.jibeapply.com/jobs/2021,Emerald Expositions,"$130,000","New York, NY"
AWS Data Engineer - Urgent Hiring,https://grabjobs.co/us/job/full-time/others/aws-data-engineer-urgent-hiring-41563654,AKT Corp,"$134,000","Fountain Hills, AZ"
"Data Engineer (Dallas, TX)",https://insightglobal.com/jobs/find_a_job/arkansas/bentonville/data-engineer-dallas-tx-/job-337324/,Insight Global Inc.,"$137,751","Bentonville, AR"
Data Engineer,https://www.careerarc.com/job-listing/kelly-services-jobs-data-engineer-48719424,Kelly Services,"$141,900","San Diego, CA"
Data Engineer,https://www.mykelly.com/job/9282315-data-engineer-san-diego-ca-united-states/,"Kelly Services, INC.","$141,900","San Diego, CA"
Data Engineer,https://tapwage.com/job/80378751-data-engineer,stanford,"$150,000","Redwood City, CA"
AWS Data Engineer,https://grabjobs.co/us/job/full-time/warehousing/aws-data-engineer-41560294,Stellent IT LLC,"$132,610","Chicago, IL"
Data Engineer,https://careersearch.stanford.edu/jobs/data-engineer-24395,Stanford University,"$150,000","Redwood City, CA"
Staff Data Engineer,https://www.builtinnyc.com/job/staff-data-engineer/254257,Extend Enterprises,"$190,000","New York, NY"
Data Engineer MA,https://tapwage.com/job/80337678-data-engineer-ma,Arkansas Blue Cross and Blue Shield,"$130,000",Unavailable
Data Engineer,https://www.workingnomads.com/jobs/data-engineer-luxor-technology,Luxor Technology,"$130,000",Unavailable
Data Engineer,https://careers.caci.com/global/en/job/292338/Data-Engineer,CACI International,"$241,600","Bethesda, MD"
Data Engineer,https://tapwage.com/job/80268720-data-engineer,Booking.com,"$181,000","Washington, DC"
Staff Data Engineer,https://jobs.institutedata.com/job/2490179/staff-data-engineer/,Pronix Inc,"$187,547","New York, NY"
Data Engineer,https://grabjobs.co/us/job/full-time/others/data-engineer-41509881,Jobs for Humanity,"$181,000","Washington, DC"
Data Engineer,https://www.dice.com/job-detail/7da91bcf-76a1-482d-bbb5-e4d2120e7c8c,Advanced Software Talent,"$168,445","South San Francisco, CA"
Data Engineer - LONDON,https://www.ventureloop.com/ventureloop/jobdetail.php?jobid=2659843&hc=energy-aspects&jt=data-engineer-london,Energy Aspects,"$130,000",Unavailable
Data Engineer,https://jobs.institutedata.com/job/2484694/data-engineer/,"TechLink Systems, Inc.","$175,445","Los Angeles, CA"
Data Engineer,https://jobs.institutedata.com/job/2486501/data-engineer/,MRoads,"$146,538","O'Fallon, MO"
Data Engineer,https://ivytech.wd1.myworkdayjobs.com/en-US/Ivy_Tech_Careers/job/Systems-Office/Data-Engineer_JR0000102347,IVY TECH COMMUNITY COLLEGE,"$130,000",Unavailable
Data Engineer,https://ai-jobs.net/job/128447-data-engineer/,Hello Heart,"$171,816","New York, NY"
Data Engineer - Urgent Hire,https://grabjobs.co/us/job/full-time/customer-service-guest-services/data-engineer-urgent-hire-41461657,FocusKPI Inc.,"$125,228","San Bruno, CA"
Data Engineer,https://himalayas.app/companies/kin-carta/jobs/data-engineer-7306902426,Kin + Carta,"$130,000",Unavailable
Data Engineer,https://recruiting.ultipro.com/OCT1000OCTPL/JobBoard/4e94a157-04c3-4e65-8698-f4e41066e5b6/OpportunityDetail?opportunityId=b8ab9ddf-2db2-4ce9-8fc9-5340e406bab4,Octapharma Plasma,"$119,638","Charlotte, NC"
Data Engineer,https://jobs.smartrecruiters.com/PublicisGroupe/dba1db27-d110-4e80-b80c-a60e9ab480c7,Publicis Groupe,"$122,271","Atlanta, GA"
Data Engineer,https://jobs.smartrecruiters.com/PublicisGroupe/7b46e314-6c0b-4e8f-90db-a54063c76365,Publicis Groupe,"$132,610","Chicago, IL"
Data Engineer,https://jobs.smartrecruiters.com/PublicisGroupe/095f3e6b-ea4d-47e5-af60-dae36bfbd2f6,Publicis Groupe,"$122,271","Atlanta, GA"
Data Engineer,https://jobs.smartrecruiters.com/PublicisGroupe/3eddbefe-0065-4465-a3a4-61ff9ffe1d36,Publicis Groupe,"$132,610","Chicago, IL"
Data Engineer,https://jobs.smartrecruiters.com/PublicisGroupe/fa5574dc-1d9c-406a-9c0e-d8dce9307910,Publicis Groupe,"$156,289","New York, NY"
Data Engineer,https://jobs.smartrecruiters.com/PublicisGroupe/a089a4ba-d375-467c-a106-03e688fc8d21,Publicis Groupe,"$156,289","New York, NY"
Data Engineer,https://www.renown.org/careers/data-engineer_177453,Renown Health,"$144,396",NV
Data Engineer,https://careers.boozallen.com/jobs/JobDetail/Arlington-Data-Engineer-R0190375/92238,Booz Allen Hamilton Holding Corporation,"$133,000","Arlington, VA"
Data Engineer,https://tapwage.com/job/80281450-data-engineer,FanDuel,"$142,000","New York, NY"
Data Engineer,https://www.mygwork.com/en/jobs/amazon-data-engineer-18/detail/4582831/18202,Amazon,"$130,000",Unavailable
Data Engineer,https://jobs.institutedata.com/job/2506569/data-engineer/,Info Way Solutions,"$123,014","Austin, TX"
Data Engineer,https://www.ventureloop.com/ventureloop/jobdetail.php?jobid=2659345&hc=ltk&jt=data-engineer,LTK,"$108,000",Unavailable
Data Engineer - TS/SCI,https://www.dice.com/job-detail/d6dd7496-03cf-438e-9064-ea0f601b4a4b,General Dynamics Information Technology,"$100,800","'Ewa Beach, HI"
Data Engineer,https://www.builtinboston.com/job/data/data-engineer/128076,Takeda,"$110,000","Cambridge, MA"
Data Engineer,https://himalayas.app/companies/shift5/jobs/data-engineer-8234517290,Shift5,"$130,000",Unavailable
Data Engineer,https://grabjobs.co/us/job/full-time/warehousing/data-engineer-41373654,Snapx,"$122,862","Phoenix, AZ"
Data Engineer,https://www.remoterocketship.com/company/nimblegravity/jobs/data-engineer-latin-america,Nimble Gravity,"$125,000",Unavailable
Data Engineer,https://tapwage.com/job/80213935-data-engineer,Bluebeam Software,"$132,100","Pasadena, CA"
Data Engineer,https://www.remoterocketship.com/company/dataroid/jobs/data-engineer-turkey,Dataroid,"$156,000",Unavailable
Data Engineer,https://grabjobs.co/us/job/full-time/warehousing/data-engineer-41332466,Pashtek,"$168,445","Dublin, CA"
Data Engineer,https://startup.jobs/data-engineer-fortune-5015055,FORTUNE,"$123,230",NY
Data Engineer,https://www.remoterocketship.com/company/aptitudesoftware/jobs/data-engineer-poland,Aptitude Software,"$130,000",Unavailable
Data Engineer,https://www.dice.com/job-detail/a829e510-86db-4843-aec4-07e1393b878d,Medical Mutual of Ohio,"$145,547","Brooklyn, OH"
Data Engineer - 2012729,http://jobseeker.ohiomeansjobs.monster.com/jobview/GetJob.aspx?JobId=269836885&mstr_dist=true,"Apex Systems, Inc.","$121,289","Cleveland, OH"
Data Engineer,https://www.jobspider.com/job/view-job-13663673.html,Omnicron Technologies,"$121,754","Columbus, OH"
Data Engineer,https://nttdata.eightfold.ai/careers?pid=563327916855941&domain=nttdata.com,NTT DATA,"$122,081","McKinney, TX"
Data Engineer | McLean VA,https://jobsapi.ceipal.com/APISource/v2/index.html?job_id=z5G7h3l6a1kMvyS65NP3c8TOD96praUIVhh9ZXJR1DY=,RICEFW Technologies Inc,"$144,788","McLean, VA"
Data Engineer,https://muellerwaterproducts.wd5.myworkdayjobs.com/en-US/Mueller/job/Atlanta-GA/AWS-Data-Engineer_R4639,Mueller Water Products,"$122,271","Atlanta, GA"
Data Engineer,https://www.clearancejobs.com/jobs/7541104/data-engineer,AlphaSix,"$150,000","Washington, DC"
AWS Data Engineer,https://www.dice.com/job-detail/77c242e9-3314-4475-8729-b64e9b624c4c,PETADATA,"$173,745","Reston, VA"
Staff Data Engineer (multiple positions),https://tapwage.com/job/80062498-staff-data-engineer-multiple-positions,GE Healthcare,"$132,610","Arlington Heights, IL"
Data Engineer,https://careers.amd.com/careers-home/jobs/39572?lang=en-us,"Advanced Micro Devices, Inc.","$123,014","Austin, TX"
Data Engineer,https://ai-jobs.net/job/125332-data-engineer/,Booz Allen Hamilton,"$133,000",DC
Data Engineer,https://tapwage.com/job/80090923-data-engineer,Braun Intertec,"$116,684","San Antonio, TX"
Data Engineer,https://grabjobs.co/us/job/full-time/hr-recruitment/data-engineer-41302093,Jonah Energy LLC,"$134,183","Denver, CO"
Data Engineer,https://www.dice.com/job-detail/e31b0bad-15e2-4063-8d0d-3fc432ba4d01,Accenture Federal Services,"$120,000","Saint Louis, MO"
Data Engineer,https://www.dice.com/job-detail/50a019f6-ae7b-440c-90fc-75778f35aa60,"Zachary Piper Solutions, LLC","$145,000","McLean, VA"
Data Engineer - Hiring Now,https://grabjobs.co/us/job/full-time/others/data-engineer-hiring-now-41226105,Applied Business Software,"$146,204","Long Beach, CA"
Staff Data Engineer,https://www.remoterocketship.com/company/correlation-one/jobs/staff-data-engineer-latin-america,Correlation One,"$156,000",Unavailable
Data Engineer,https://www.showbizjobs.com/jobs/nbc-sports-data-engineer-in-orlando/jid-g44p2y,NBC Sports,"$130,000",Unavailable
Data Engineer,https://boards.greenhouse.io/cloudflare/jobs/5649290?gh_jid=5649290,CloudFlare,"$194,000","Austin, TX"
Data Engineer,https://startup.jobs/data-engineer-cloudflare-5009751,CloudFlare,"$131,000",Unavailable
Data Engineer (L),https://grabjobs.co/us/job/full-time/warehousing/data-engineer-l-41255062,Netflix,"$146,204","Los Angeles, CA"
Data Engineer,https://www.builtinchicago.org/job/data-engineer/240078,NinjaTrader,"$132,610","Chicago, IL"
Data Engineer,https://careers.boozallen.com/jobs/JobDetail/McLean-Data-Engineer-R0189960/91933,Booz Allen Hamilton Holding Corporation,"$133,000","McLean, VA"
Data Engineer,https://careers.jdirving.com/jobs/data-engineer-35902,Irving Consumer Products,"$130,000",Unavailable
Data Engineer,https://essentiahealth.wd1.myworkdayjobs.com/en-US/Essentia_Health/job/Duluth-MN/Data-Engineer_R055951,SMDC Health System,"$109,328","Duluth, MN"
Data Engineer,https://tapwage.com/job/79908422-data-engineer,System One,"$120,285","Sterling, VA"
Data Engineer,http://jobseeker.ohiomeansjobs.monster.com/jobview/GetJob.aspx?JobId=269065585&mstr_dist=true,"Syneos Health US, Inc. (formerly InVentiv Health, Inc)","$121,754","Westerville, OH"
Data Engineer (Remote),https://builtin.com/job/data-engineer-remote/2266806,HirexHire,"$110,168","Chicago, IL"
Staff Data Engineer,https://builtin.com/job/staff-data-engineer/2265656,Splash Financial,"$130,000",Unavailable
Data Engineer,https://tapwage.com/job/79939214-data-engineer,Coherent,"$156,289","Pine Brook, NJ"
Data Engineer,https://jobs.smartrecruiters.com/InternationalDairyQueen/18927e85-77c7-4b7a-8dcf-758084e94c57,Dairy Queen,"$160,440","Bloomington, MN"
Data Engineer,https://de.jobsyn.org/5dbafa1b0c7b4e8f8cdf573b29243a6a1387,Essentia Health,"$136,843","Duluth, MN"
Data Engineer,https://careers.gene.com/us/en/job/202212-143670/Data-Engineer,"Genentech, Inc.","$241,500","South San Francisco, CA"
Data Engineer,https://jobs.systemone.com/job/data-engineer-information-technology-sterling-va-314356/6f1ce825-bed9-11ee-bc44-42010a8a0fc9,ALTA IT Services,"$132,042","Sterling, VA"
Data Engineer,https://jobs.systemone.com/job/data-engineer-information-technology-sterling-va-314356/6f1ce825-bed9-11ee-bc44-42010a8a0fc9,System One,"$159,158","Sterling, VA"
Data Engineer,https://diversity.com/career/1374396/Data-Engineer-Texas-Tx-Dallas,"Greystar Worldwide, LLC","$122,081","Dallas, TX"
AWS Data Engineer,https://www.dice.com/job-detail/ea0883d6-6594-4c84-b79d-84b89e4d59fa,LTIMindtree,"$133,700","Minneapolis, MN"
Data Engineer,https://tapwage.com/job/80618275-data-engineer,HTC Global Services,"$123,498","Dearborn, MI"
Data Engineer,https://grabjobs.co/us/job/full-time/warehousing/data-engineer-41926346,RVO Health,"$120,000","Minneapolis, MN"
Data Engineer,https://careers.ibm.com/job/19802566/data-engineer-remote/?codes=WEB_SEARCH_NA,IBM,"$159,158","Chantilly, VA"
Data Engineer,https://tapwage.com/job/80429047-data-engineer,Healthline Media,"$185,000","Charlotte, NC"
Staff Data Engineer,https://startup.jobs/staff-data-engineer-rvo-health-5000103,RVO Health,"$185,000",Unavailable
Staff Data Engineer,https://startup.jobs/staff-data-engineer-rvo-health-5000101,RVO Health,"$185,000",Unavailable
Data Engineer,https://startup.jobs/data-engineer-databricks-3-5033902,DataBricks,"$188,600","San Francisco, CA"
Data Engineer,https://tapwage.com/job/79850246-data-engineer,Publicis Groupe,"$119,556",MI
Data Engineer,https://tapwage.com/job/79811773-data-engineer,Virtusa,"$156,289","New York, NY"
Data Engineer,https://tapwage.com/job/79807793-data-engineer,Greystar,"$122,081","Dallas, TX"
Data Engineer,https://www.jobspider.com/job/view-job-13657716.html,BeePartners,"$157,441","Richmond, VA"
Data Engineer,https://thehartford.wd5.myworkdayjobs.com/en-US/Careers_External/job/Hartford-CT/Data-Engineer_R2415605,The Hartford,"$146,400","Chicago, IL"
Data Engineer,https://careerportal.abbtech.com/#/jobs/25927,"Abbtech Professional Resources, Inc","$190,990","Washington, DC"
Data Engineer,https://thehartford.wd5.myworkdayjobs.com/en-US/Careers_External/job/Hartford-CT/Data-Engineer_R2415605,The Hartford,"$146,400","Chicago, IL"
Data Engineer,https://tapwage.com/job/79760437-data-engineer,Kimball Midwest,"$101,150","Columbus, OH"
Staff Data Engineer,https://tapwage.com/job/79708727-staff-data-engineer,Stryker Corporation,"$132,610","Chicago, IL"
AWS Data Engineer,https://www.optnation.com/aws-data-engineer-job-in-new-york-ny-view-jobid-35976,Symplore Inc,"$104,357","New York, NY"
Data Engineer,https://www.evenbreak.co.uk/job/484233/data-engineer/,Mars PetCare,"$111,188","Chicago, IL"
Data Engineer,https://tapwage.com/job/79796688-data-engineer,Amazon,"$240,500","Bellevue, WA"
Data Engineer,https://tapwage.com/job/79743127-data-engineer,Nikola Motor,"$122,862","Phoenix, AZ"
Data Engineer,https://tapwage.com/job/79748150-data-engineer,Kantar,"$114,620","Reading, PA"
Data Engineer,https://careers.srpnet.com/job/Phoenix-Data-Engineer-AZ-85001/1087235200/,Salt River Project,"$122,862","Phoenix, AZ"
Staff Data Engineer,https://tapwage.com/job/79648979-staff-data-engineer,ZUM,"$202,134","San Francisco, CA"
Data Engineer,https://jobsapi.ceipal.com/APISource/v2/index.html?job_id=z5G7h3l6a1kMvyS65NP3cwXEDzoU381eDzfnF2Lm_N4=,RICEFW Technologies Inc,"$124,467","Chicago, IL"
Data Engineer,https://www.dice.com/job-detail/91cfdba8-b98b-4c91-8e7d-db0442dc70ee,Apex Systems,"$140,000","Oakland, CA"
Data Engineer,https://www.dice.com/job-detail/4e364ad1-7dc5-43ea-bb65-43be2ab81a61,Robert Half,"$120,893","Milwaukee, WI"
Staff Data Engineer,https://startup.jobs/staff-data-engineer-zum-services-4991382,Zum Services,"$202,134","Redwood City, CA"
Staff Data Engineer,https://www.ventureloop.com/ventureloop/jobdetail.php?jobid=2651645&hc=zum&jt=staff-data-engineer,ZUM,"$198,242",CA
Data Engineer,https://www.clearancejobs.com/jobs/7525669/data-engineer,D&G Support Services LLC,"$175,000","Fort Belvoir, VA"
Data Engineer,https://builtin.com/job/data-engineer-consultant/2252685,DAS42,"$130,000",Unavailable
Staff Data Engineer,https://careers.stryker.com/job/19774620/staff-data-engineer-remote/,Stryker Corporation,"$122,387","Columbus, OH"
Staff Data Engineer,https://careers.stryker.com/job/19774620/staff-data-engineer-remote/,Stryker Corporation,"$122,387","Columbus, OH"
Staff Data Engineer,https://careers.stryker.com/job/19774620/staff-data-engineer-remote/,Stryker Corporation,"$131,769","Houston, TX"
Staff Data Engineer,https://careers.stryker.com/job/19774620/staff-data-engineer-remote/,Stryker Corporation,"$131,769","Houston, TX"
Staff Data Engineer,https://careers.stryker.com/job/19774620/staff-data-engineer-remote/,Stryker Corporation,"$131,769","Houston, TX"
Staff Data Engineer,https://stryker.wd1.myworkdayjobs.com/en-US/StrykerCareers/job/Chicago-Illinois/Staff-Data-Engineer_R511672,Wright Medical Group,"$129,254","Chicago, IL"
Staff Data Engineer,https://stryker.wd1.myworkdayjobs.com/en-US/StrykerCareers/job/Chicago-Illinois/Staff-Data-Engineer_R511672,Wright Medical Group,"$129,254","Chicago, IL"
Staff Data Engineer,https://stryker.wd1.myworkdayjobs.com/en-US/StrykerCareers/job/Chicago-Illinois/Staff-Data-Engineer_R511672,Wright Medical Group,"$129,254","Chicago, IL"
Staff Data Engineer,https://stryker.wd1.myworkdayjobs.com/en-US/StrykerCareers/job/Chicago-Illinois/Staff-Data-Engineer_R511672,Wright Medical Group,"$129,254","Chicago, IL"
Staff Data Engineer,https://stryker.wd1.myworkdayjobs.com/en-US/StrykerCareers/job/Chicago-Illinois/Staff-Data-Engineer_R511672,Wright Medical Group,"$129,254","Chicago, IL"
Staff Data Engineer,https://stryker.wd1.myworkdayjobs.com/en-US/StrykerCareers/job/Chicago-Illinois/Staff-Data-Engineer_R511672,Wright Medical Group,"$129,254","Chicago, IL"
Staff Data Engineer,https://stryker.wd1.myworkdayjobs.com/en-US/StrykerCareers/job/Chicago-Illinois/Staff-Data-Engineer_R511672,Wright Medical Group,"$129,254","Chicago, IL"
Data Engineer - Remote Ohio,https://tapwage.com/job/79583795-data-engineer-remote-ohio,Crown,"$142,732","New Bremen, OH"
Data Engineer,https://careers-peopletec.icims.com/jobs/3821/data-engineer/job?in_iframe=1,PeopleTec,"$162,702","Huntsville, AL"
Data Engineer,https://www.dice.com/job-detail/94822693-4dcd-476a-9e4e-cb7053011cc2,Buaut,"$130,000",Unavailable
Data Engineer,https://jobs.smartrecruiters.com/PublicStorage/6c1a5b32-9332-456d-aed3-e7fdb2443f54,Public Storage,"$133,891","Plano, TX"
Data Engineer,https://ibegin.tcs.com/iBegin/jobs/292025J,Tata Consultancy Services - Global,"$142,955","O'Fallon, MO"
Data Engineer,https://www.skipthedrive.com/job/prestige-development-data-engineer-791472/,PRESTIGE DEVELOPMENT,"$135,000",Unavailable
Data Engineer,https://ai-jobs.net/job/117145-data-engineer/,LyondellBasell,"$159,000","Houston, TX"
Data Engineer,https://diversity.com/career/1362672/Data-Engineer-Georgia-Ga-Alpharetta,ASK Staffing,"$113,649","Alpharetta, GA"
Data Engineer,https://diversity.com/career/1362382/Data-Engineer-New-Jersey-Nj,ASK Staffing,"$229,585",NJ
"(USA) Staff, Data Engineer",https://www.disabledperson.com/jobs/57644813-usa-staff-data-engineer,Walmart,"$122,081","Dallas, TX"
Data Engineer,https://www.clearancejobs.com/jobs/7523255/data-engineer,"Base-2 Solutions, LLC","$162,000",Unavailable
Staff Data Engineer,https://indiacareers-symplr.icims.com/jobs/1407/staff-data-engineer/job?in_iframe=1,Bangalore Office,"$127,770",IN
Data Engineer,https://tapwage.com/job/79463233-data-engineer,The Pennsylvania State University,"$118,140","University Park, FL"
Data Engineer,https://careers.lyondellbasell.com/job/Houston-Data-Engineer-TX-77010/1121388700/ /job/Houston-Data-Engineer-TX-77010/1121388700/,LyondellBasell Industries,"$131,769","Houston, TX"
Data Engineer,https://micron.eightfold.ai/careers?pid=20178793&domain=micron.com,"Micron Technology, Inc.","$92,595","Boise, ID"
Data Engineer,https://psu.wd1.myworkdayjobs.com/en-US/PSU_Staff/job/Penn-State-University-Park/Data-Engineer_REQ_0000051583-1,The Pennsylvania State University,"$126,510","Campus, IL"
Data Engineer,https://diversityjobs.com/career/7150994/Data-Engineer-Massachusetts-Waltham,Global Partners LP,"$144,697","Waltham, MA"
Data Engineer,https://www.dice.com/job-detail/531c4296-359f-44fd-b297-93c74d3badee,Buaut,"$129,254","Chicago, IL"
Data Engineer,https://builtin.com/job/data-engineer/2243776,Alpha Theory,"$99,392","Charlotte, NC"
Data Engineer,https://tapwage.com/job/79396212-data-engineer,Dick's Sporting Goods,"$173,745","Washington, DC"
Data Engineer,https://tapwage.com/job/80662319-data-engineer,Serco,"$97,997","Crystal City, TX"
Data Engineer,https://www.resume-library.com/job/view/144603249/aws-data-engineer,Trident Consulting,"$144,788","Reston, VA"
Remote - Data Engineer,https://tapwage.com/job/81187521-remote-data-engineer,Aclaimant,"$132,610","Chicago, IL"
Data Engineer,https://careers-peraton.icims.com/jobs/143348/data-engineer/job?in_iframe=1,Peraton,"$179,000","Washington, DC"
Data Engineer,https://startup.jobs/data-engineer-patientiq-4973789,PatientIQ,"$107,233","Chicago, IL"
Data Engineer,https://tapwage.com/job/79334656-data-engineer,BLACKLINE,"$120,000","Los Angeles, CA"
Data Engineer,https://www.resonate.com/about/careers/?gh_jid=4199996007,Resonate Networks,"$190,990","Reston, VA"
Data Engineer,https://www.clearancejobs.com/jobs/7518044/data-engineer,"Agile Defense, Inc.","$153,034","Aberdeen, MD"
Data Engineer,https://tapwage.com/job/79252635-data-engineer,OpenArc,"$119,577","Pittsburgh, PA"
Staff Data Engineer,https://www.ventureloop.com/ventureloop/jobdetail.php?jobid=2645840&hc=findhelp&jt=staff-data-engineer,Findhelp,"$133,920",Unavailable
Data Engineer,https://tapwage.com/job/80294142-data-engineer,Stefanini,"$122,265","Dearborn, MI"
Data Engineer - Remote,http://jobseeker.ohiomeansjobs.monster.com/jobview/GetJob.aspx?JobId=268374339&mstr_dist=true,FirstEnergy Service Company,"$113,951","Akron, OH"
IMMEDIATE INTERVIEW IN THIS WEEKEND FOR DATA ENGINEERS,https://grabjobs.co/us/job/full-time/warehousing/immediate-interview-in-this-weekend-for-data-engineers-41917991,Cerebra Consulting Inc,"$116,614","Cincinnati, OH"
Data Engineer,https://www.dice.com/job-detail/4c4391d6-434b-4947-8b4e-dc1e1f653a89,Sempera,"$143,828","Denver, CO"
Data Engineer,https://www.dice.com/job-detail/7a66ff2f-43fc-4df9-b421-ba428cdca638,Apex Systems,"$125,000","Akron, OH"
Data Engineer,https://jobs.jobvite.com/groupm-na/job/oMgTqfw5?nl=1&nl=1&fr=false,groupm,"$140,000","New York, NY"
Staff Data Engineer,https://tapwage.com/job/79094265-staff-data-engineer,CLEAR,"$260,000","New York, NY"
Data Engineer,https://tapwage.com/job/79059516-data-engineer,Aspen Dental,"$159,132","Chicago, IL"
Data Engineer,https://tapwage.com/job/79029963-data-engineer,David Yurman,"$160,000","New York, NY"
Data Engineer,https://careers.boozallen.com/jobs/JobDetail/Arlington-Data-Engineer-R0188614/91002,Booz Allen Hamilton Holding Corporation,"$133,000","Arlington, VA"
Data Engineer,https://builtin.com/job/data-engineer/2263317,Pitchbook,"$150,000","Seattle, WA"
Data Engineer,https://jobsapi.ceipal.com/APISource/v2/index.html?job_id=z5G7h3l6a1kMvyS65NP3c2Q2IwjF7J8pxqmHrcxVpck=,vbeyond corp,"$135,000",Unavailable
Data Engineer,https://www.showbizjobs.com/jobs/nbc-sports-data-engineer-in-englewood-cliffs/jid-g6w2m0,NBC Sports,"$112,000",Unavailable
Data Engineer,https://diversityjobs.com/career/7096931/Data-Engineer-D-C-Washington,ACOG / American College of Obstetricians and Gynecologists,"$159,158","Washington, DC"
Data Engineer - Remote,https://fa-etjd-saasfaprod1.fa.ocs.oraclecloud.com/hcmUI/CandidateExperience/en/sites/FirstEnergyCareers/requisitions/preview/101063,FirstEnergy Corp.,"$135,000",Unavailable
Data Engineer,https://iitjobs.com/job-details/data-engineer/princeton-nj-usa/resource-logistics-inc/7511,Resource Logistics Inc.,"$139,813","Princeton, NJ"
Data Engineer,https://jobs.systemone.com/job/data-engineer-information-technology-alexandria-va-313409/40edf821-b365-11ee-bc44-42010a8a0fc9,System One,"$173,745","Alexandria, VA"
Data Engineer,https://jobs.systemone.com/job/data-engineer-information-technology-alexandria-va-313409/40edf821-b365-11ee-bc44-42010a8a0fc9,System One,"$159,158","Alexandria, VA"
Data Engineer,https://tapwage.com/job/81280222-data-engineer,Fractal,"$156,289","New York, NY"
Data Engineer,https://tapwage.com/job/78985359-data-engineer,Manhattan District Attorney's Office,"$156,289","New York, NY"
Data Engineer,https://www.resume-library.com/job/view/143124718/data-engineer,V2Soft,"$175,597","Bellevue, WA"
Data Engineer,https://iitjobs.com/job-details/data-engineer/irving-tx-usa/resource-logistics-inc/7389,Resource Logistics Inc.,"$133,891","Irving, TX"
Data Engineer,https://tapwage.com/job/78957061-data-engineer,DRW,"$149,361","Chicago, IL"
Staff Data Engineer,https://analogdevices.wd1.myworkdayjobs.com/en-US/External/job/US-CA-San-Jose-Rio-Robles/Staff-Data-Engineer_R240068,"Analog Devices, Inc.","$125,000","Boston, MA"
Staff Data Engineer,https://analogdevices.wd1.myworkdayjobs.com/en-US/External/job/US-CA-San-Jose-Rio-Robles/Staff-Data-Engineer_R240068,"Analog Devices, Inc.","$125,000","Boston, MA"
Data Engineer (L5),https://himalayas.app/companies/netflix/jobs/data-engineer-l5-5954528539,Netflix,"$130,000",Unavailable
Data Engineer,https://powertofly.com/jobs/detail/1746042,Deloitte LLP,"$179,277",VA
"Data Engineer - Washington, DC",https://tapwage.com/job/79231498-data-engineer-washington-dc,System One,"$144,788","Washington, DC"
Data Engineer,https://careers.boozallen.com/jobs/JobDetail/Chantilly-Data-Engineer-R0188277/90754,Booz Allen Hamilton Holding Corporation,"$166,000","Chantilly, VA"
Data Engineer,https://careers.boozallen.com/jobs/JobDetail/McLean-Data-Engineer-R0188210/90694,Booz Allen Hamilton Holding Corporation,"$166,000","McLean, VA"
Data Engineer,https://careers.boozallen.com/jobs/JobDetail/McLean-Data-Engineer-R0188211/90727,Booz Allen Hamilton Holding Corporation,"$166,000","McLean, VA"
Staff Data Engineer,https://startup.jobs/staff-data-engineer-findhelp-a-public-benefit-corp-4953812,"Findhelp, A Public Benefit Corporation","$135,000",Unavailable
Data Engineer,https://wendys-careers.com/job-search/posting/engineer---data/167079,Wendy's,"$117,000","Dublin, OH"
Data Engineer,https://careers.boozallen.com/jobs/JobDetail/Arlington-Data-Engineer-R0188163/90663,Booz Allen Hamilton Holding Corporation,"$133,000","Arlington, VA"
Data Engineer,https://iitjobs.com/job-details/data-engineer/bentonville-ar-72712-usa/q1-technologies-inc/6996,Q1 Technologies Inc,"$120,683","Bentonville, AR"
Data Engineer,https://www.dice.com/job-detail/9a0b570d-2f49-4cc2-912c-c193a99709fa,Xtivia,"$112,000",Unavailable
Data Engineer,https://builtin.com/job/data-engineer/2210816,Keystone Strategy,"$108,000",Unavailable
Data Engineer,https://tapwage.com/job/78615727-data-engineer,HPONE,"$145,681","Trumbull, CT"
Data Engineer,https://tapwage.com/job/80423304-data-engineer,META,"$224,000","Sunnyvale, CA"
Data Engineer with ML,https://iitjobs.com/job-details/data-engineer-with-ml/cupertino-ca-usa/q1-technologies-inc/6677,Q1 Technologies Inc,"$198,242","Cupertino, CA"
Data Engineer,https://jobs.vaco.com/job/10077/nashville_data_engineer/en,Vaco,"$89,367","Brentwood, TN"
Data Engineer,https://apply.deloitte.com/careers/JobDetail/Data-Engineer/168655,Deloitte Consulting LLP,"$173,745","Rosslyn, VA"
Data Engineer,https://www.clearancejobs.com/jobs/7508283/data-engineer,cBEYONData,"$144,788","Arlington, VA"
Data Engineer,https://tapwage.com/job/78526140-data-engineer,SS&C,"$128,173","Boston, MA"
Data Engineer,https://tapwage.com/job/79198605-data-engineer,Ryan Specialty,"$152,000","Chicago, IL"
Data Engineer (Full Time),https://www.dice.com/job-detail/d445621c-d6fd-4493-bfb6-afd711a953cf,OnwardPath Technology Solutions LLC,"$162,000",Unavailable
Data Engineer,https://careers.boozallen.com/jobs/JobDetail/McLean-Data-Engineer-R0187618/90275,Booz Allen Hamilton Holding Corporation,"$166,000","McLean, VA"
Data Engineer,https://greatamerica.wd1.myworkdayjobs.com/en-US/greatamericacareers/job/Cedar-Rapids-IA/Data-Engineer_JR521,GreatAmerica Leasing Corporation,"$107,682","Cedar Rapids, IA"
Data Engineer,https://greatamerica.wd1.myworkdayjobs.com/en-US/greatamericacareers/job/Cedar-Rapids-IA/Data-Engineer_JR521,GreatAmerica Leasing Corporation,"$107,682","Cedar Rapids, IA"
Data Engineer,https://www.disabledperson.com/jobs/57560300-data-engineer,The Judge Group Inc.,"$130,000","Dallas, TX"
Data Engineer,https://www.inspyrsolutions.com/job/24-00687-data-engineer-orlando-fl/,Inspyr Solutions,"$166,971","Orlando, FL"
Data Engineer,https://www.ventureloop.com/ventureloop/jobdetail.php?jobid=2630887&hc=youcom&jt=data-engineer,you.com,"$135,000",Unavailable
Data Engineer,https://tapwage.com/job/81237176-data-engineer,Everstream Analytics,"$186,000","Atlanta, GA"
Data Engineer,https://startup.jobs/data-engineer-everstream-analytics-4932995,Everstream Analytics,"$130,000",Unavailable
Data Engineer,https://builtin.com/job/data-engineer/2331097,AIS (Applied Information Sciences),"$159,158","Washington, DC"
Data Engineer,https://tapwage.com/job/78646964-data-engineer,Keystone Strategy,"$175,000","Seattle, WA"
Data Engineer,https://mantech.wd1.myworkdayjobs.com/en-US/External/job/USA-VA-Herndon/Data-Engineer_R48281,ManTech International Corporation,"$144,788","Herndon, VA"
Data Engineer,https://jobs.lever.co/veeva/08092640-4a42-4beb-9178-eb87eae0d544,Veeva,"$150,000","Boston, MA"
Data Engineer (Snowflake),https://iitjobs.com/job-details/data-engineer-snowflake/boston-ma-usa/wilmer-tech-solutions/4004,Wilmer Tech Solutions,"$185,393","Boston, MA"
Data Engineer,https://www.instahyre.com/job-294721-data-engineer-at-altimetrik-work-from-home/,Altimetrik,"$135,000",Unavailable
Data Engineer,https://iitjobs.com/job-details/data-engineer/durham-nc-usa/wilmer-tech-solutions/3994,Wilmer Tech Solutions,"$173,729","Durham, NC"
Data Engineer,https://www.workingnomads.com/jobs/data-engineer-restaurant365-201423,Restaurant365,"$130,000",Unavailable
Data Engineer,https://www.builtinla.com/job/data-engineer/154605,Restaurant365,"$130,000","Irvine, CA"
Data Engineer,https://www.builtinaustin.com/job/data-engineer/144184,Restaurant365,"$130,000","Austin, TX"
Data Engineer,https://iitjobs.com/job-details/data-engineer/plano-tx-usa/fly-high-staffing/4964,Fly High Staffing,"$111,080","Plano, TX"
Data Engineer,https://tapwage.com/job/78588116-data-engineer,Apex Clearing,"$102,196","Austin, TX"
Data Engineer,https://tapwage.com/job/79734982-data-engineer,FanDuel,"$122,271","Atlanta, GA"
Data Engineer,https://jobsapi.ceipal.com/APISource/v2/index.html?job_id=z5G7h3l6a1kMvyS65NP3c6CBvBLT0S2H8eGLcwsqljA=,vbeyond corp,"$112,000",Unavailable
Data Engineer,https://spectraforce.com/Careers/JobDetails.html?jobid=b535b0ec-512a-4f31-856f-b0f3efffa87d&OrgId=1&UserId=3211,SPECTRAFORCE TECHNOLOGIES Inc.,"$135,664","Cupertino, CA"
Staff Data Engineer,https://jobs.fitt.co/posts/7068200002-maven-staff-data-engineer/,Maven,"$162,000",Unavailable
Data Engineer,https://ais.jibeapply.com/jobs/3182,"Applied Information Sciences, Inc.","$159,158","Reston, VA"
Staff Data Engineer,https://www.ventureloop.com/ventureloop/jobdetail.php?jobid=2626561&hc=headspace-health&jt=staff-data-engineer,Headspace Health,"$190,100",Unavailable
Data Engineer,http://jobseeker.ohiomeansjobs.monster.com/jobview/GetJob.aspx?JobId=270114416&mstr_dist=true,Park Place Technologies,"$145,547","Cleveland, OH"
Data Engineer,https://tapwage.com/job/77985915-data-engineer,Kestra Financial,"$131,161","Austin, TX"
Staff Data Engineer,https://tapwage.com/job/79860903-staff-data-engineer,Healthline Media,"$185,000","Minneapolis, MN"
Staff Data Engineer,https://tapwage.com/job/79860904-staff-data-engineer,Healthline Media,"$185,000","Atlanta, GA"
Data Engineer,https://tapwage.com/job/78035141-data-engineer,Booz Allen Hamilton,"$133,000","Washington, DC"
Data Engineer,https://diversityjobs.com/career/6963055/Data-Engineer-Virginia-Arlington,Booz Allen Hamilton,"$133,000","Arlington, VA"
Data Engineer,https://careers.boozallen.com/jobs/JobDetail/Washington-Data-Engineer-R0187007/89848,Booz Allen Hamilton Holding Corporation,"$133,000","Washington, DC"
Data Engineer,https://jobs.lever.co/zerofox/c08b9937-0c2f-4240-bec9-cfbcf3bb76f4,ID Experts,"$135,000",Unavailable
Data Engineer,https://startup.jobs/data-engineer-vrchat-4919079,VRChat,"$188,792","San Francisco, CA"
Data Engineer,https://tapwage.com/job/81342173-data-engineer,META,"$224,000","Seattle, WA"
Data Engineer,https://startup.jobs/data-engineer-marcus-millichap-4913943,Marcus & Millichap,"$156,000",Unavailable
"Data Engineer - Solon, OH",http://jobseeker.ohiomeansjobs.monster.com/jobview/GetJob.aspx?JobId=266968454&mstr_dist=true,HUBBELL INCORPORATED DELAWARE,"$118,345","Solon, OH"
Data Engineer,https://jobs.lever.co/marcusmillichap/a75e3c1f-295f-433c-985c-78aa84947a50,Marcus & Millichap,"$137,122","Portland, OR"
"Engineer, Data",https://inmar.wd1.myworkdayjobs.com/en-US/inmarcareers/job/United-States/Engineer--Data_JY2323349,Inmar Inc.,"$156,000",Unavailable
Data Engineer,https://www.paycomonline.net/v4/ats/web.php/jobs/ViewJobDetails?job=140936&clientkey=200D9F629F898FE795F054DB5D270A07,Electrical Components International,"$122,265","Southfield, MI"
Data Engineer,https://iitjobs.com/job-details/data-engineer/san-diego-ca-usa/sysintelli-inc/8520,Sysintelli Inc,"$140,000","San Diego, CA"
Data Engineer,https://startup.jobs/data-engineer-surveymonkey-4908983,SurveyMonkey,"$160,320",Unavailable
Data Engineer,https://tapwage.com/job/77706319-data-engineer,Koch Industries,"$159,158","Arlington, VA"
Data Engineer - Remote,https://tapwage.com/job/77700201-data-engineer-remote,vestis,"$115,000","Burbank, CA"
Data Engineer,https://tapwage.com/job/77673605-data-engineer,MOMENTIVE,"$160,320","Portland, OR"
Data Engineer,https://mtstatejobs.taleo.net/careersection/200/jobdetail.ftl?job=23143460&,State of Montana,"$80,184","Helena, MT"
Data Engineer (Remote),https://www.dice.com/job-detail/1d26748d-a26b-4b28-bf22-189b8861c3e9,Catapult Recruiting,"$135,000",Unavailable
Data Engineer,https://recruiting.ultipro.com/USO1001/JobBoard/bc8f4af5-0753-ca80-0a4c-4f512286e8f1/OpportunityDetail?opportunityId=d292c04f-13d4-4f37-8db4-cfbd133340f8,United States Olympic & Paralympic Committee,"$99,300","Colorado Springs, CO"
Data Engineer,https://www.resume-library.com/job/view/142605826/data-engineer,Diverse Lynx,"$156,387","Weehawken, NJ"
Data Engineer,https://tapwage.com/job/77562208-data-engineer,Blain's Farm & Fleet,"$100,094","Janesville, WI"
Data Engineer,https://careers.insidehighered.com/job/3041015/data-engineer/,The Community Solution Education System,"$105,000","Chicago, IL"
Data Engineer,https://illinoisjoblink.illinois.gov/jobs/11503380,TCS Educion System,"$105,000","Chicago, IL"
Data Engineer,https://www.optnation.com/data-engineer-job-in-lewisville-tx-view-jobid-35444,Nuvento Inc,"$93,921","Lewisville, TX"
Staff Data Engineer,https://jobs.fitt.co/posts/5032195004-garner-health-staff-data-engineer/,Garner Health,"$112,000",Unavailable
Data Engineer,https://www.workplacediversity.com/job/data-engineer-4324,TCS Education System,"$105,000","Chicago, IL"
Data Engineer,https://careers.farmandfleet.com/jobs/15097?lang=en-us,"Blain Supply, Inc.","$100,094","Janesville, WI"
Staff Data Engineer,https://startup.jobs/staff-data-engineer-metropolis-4897507,Metropolis,"$225,000",Unavailable
Data Engineer,https://www.diversityjobboard.com/job/data-engineer-anaheim-ca-d0758b2600b2c56405fa3c397bc994b5b,"ocV!BE Sports & Entertainment, LLC","$114,000","Anaheim, CA"
Staff Data Engineer,https://www.ventureloop.com/ventureloop/jobdetail.php?jobid=2618009&hc=garner-health&jt=staff-data-engineer,Garner Health,"$112,000",Unavailable
Data Engineer,https://sjobs.brassring.com/TGnewUI/Search/home/HomeWithPreLoad?partnerid=25416&siteid=5998&PageType=JobDetails&jobid=3232778,Adm,"$116,614","Erlanger, KY"
Staff Data Engineer,https://builtin.com/job/staff-data-engineer/2160804,Garner Health,"$112,000",Unavailable
Data Engineer,https://iitjobs.com/job-details/data-engineer/ofallon-mo-usa/tanisha-systems-inc/4525,Tanisha Systems Inc,"$119,129","O'Fallon, MO"
Data Engineer,https://tapwage.com/job/77367025-data-engineer,Sony,"$107,719","Nashville, TN"
Data Engineer,https://sonyglobal.wd1.myworkdayjobs.com/en-US/SonyGlobalCareers/job/Nashville/Data-Engineer_JR-115600,Sony,"$135,000",Unavailable
Data Engineer,https://tapwage.com/job/80354121-data-engineer,META,"$224,000","New York, NY"
Data Engineer,https://tapwage.com/job/78808044-data-engineer,Booz Allen Hamilton,"$133,000","Arlington, VA"
Data Engineer,https://jobsapi.ceipal.com/APISource/v2/index.html?job_id=z5G7h3l6a1kMvyS65NP3c2PtVDbX9dsg-d84wAi3ATA=,RICEFW Technologies Inc,"$202,134","Dublin, CA"
Data Engineer,https://www.clearancejobs.com/jobs/7462599/data-engineer,"Quick Services, LLC","$116,844","Tampa, FL"
Data Engineer,https://www.jobmonkeyjobs.com/career/25270457/Data-Engineer-Washington-Seattle-7413,"Apple, Inc.","$212,200","Seattle, WA"
Data Engineer (remote) MX,https://jobs.fitt.co/posts/4182040b-2cb4-4d34-baed-890a7ca1dbd9-human-api-data-engineer-remote-mx/,Human API,$0,Unavailable
Data Engineer,https://www.disabledperson.com/jobs/57579830-data-engineer,Elder Research,"$116,844","Tampa, FL"
Data Engineer,https://www.aboutjobs.com/job/details/30471429/data-engineer,BP Energy,"$88,335",IN
Data Engineer,https://rb.wd5.myworkdayjobs.com/en-US/FRS/job/St-Louis-MO/Data-Engineer_R-0000021581-1,Federal Reserve Bank of St. Louis,"$113,000","Saint Louis, MO"
Data Engineer,https://www.clearancejobs.com/jobs/7540300/data-engineer,SOSI,"$115,902","Redstone Arsenal, AL"
Data Engineer,https://tapwage.com/job/76840999-data-engineer,Apex Clearing,"$111,080","Dallas, TX"
Data Engineer,https://www.dice.com/job-detail/0ac8ac97-e72a-4b09-a548-d97dd0d412c7,General Dynamics Information Technology,"$159,158","Chantilly, VA"
Data Engineer,https://www.clearancejobs.com/jobs/7451316/data-engineer,BlueWater Federal Solutions,"$125,000","Fayetteville, NC"
Data Engineer,https://aegion.wd5.myworkdayjobs.com/en-US/Aegion_Careers/job/Chesterfield-MO/Data-Engineer_R-4496,AEGION,"$119,129","Chesterfield, MO"
Data Engineer,https://tapwage.com/job/76632148-data-engineer,Axient,"$140,800","Huntsville, AL"
Staff Data Engineer,https://boards.greenhouse.io/mavenclinic/jobs/7068200002,Maven Clinic,"$300,000",Unavailable
AWS Data Engineer,https://iitjobs.com/job-details/aws-data-engineer/reston-va-usa/extend-information-systems-inc/9385,Extend Information Systems inc,"$144,788","Reston, VA"
Data Engineer,https://tapwage.com/job/76615820-data-engineer,hydrow,"$154,494","Boston, MA"
Staff Data Engineer,https://startup.jobs/staff-data-engineer-maven-clinic-4926266,Maven Clinic,"$175,968",NY
Staff Data Engineer,https://boards.greenhouse.io/mavenclinic/jobs/7068200002,Maven Clinic,"$300,000","New York, NY"
Data Engineer,https://www.builtinla.com/job/senior-data-engineer/152571,System1,"$222,000","Marina del Rey, CA"
Data Engineer,https://tapwage.com/job/76376346-data-engineer,Booz Allen Hamilton,"$166,000","Huntsville, AL"
Data Engineer,https://careers.boozallen.com/jobs/JobDetail/Huntsville-Data-Engineer-R0184236/87989,Booz Allen Hamilton Holding Corporation,"$166,000","Huntsville, AL"
Data Engineer - Hiring Immediately,https://grabjobs.co/us/job/full-time/admin-operations/data-engineer-hiring-immediately-18911545,CapTech,"$136,987","Atlanta, GA"
Data Engineer,https://tapwage.com/job/76535586-data-engineer,Lennar,"$114,519","Miami, FL"
Data Engineer,https://tapwage.com/job/76326898-data-engineer,Deloitte,"$132,042","Washington, DC"
Data Lakes Engineer,https://www.instahyre.com/job-288274-data-lakes-engineer-at-guardians-infotech-work-from-home/,Guardians Infotech,"$137,974",DE
Data Engineer,https://www.ventureloop.com/ventureloop/jobdetail.php?jobid=2597828&hc=pacaso&jt=data-engineer,Pacaso,"$150,000",Unavailable
Data Engineer,https://mantech.wd1.myworkdayjobs.com/en-US/External/job/USA-VA-Mclean/Data-Engineer_R44961,ManTech,"$132,042","McLean, VA"
Data Engineer (m/f/d),https://www.diversityjobboard.com/job/data-engineer-m-f-d-gottingen-de-b125cf1cc155457777a9a3152e24b9d2b,Novelis Göttingen Manufacturing Facility,$0,DE
Data Engineer,https://www.metacareers.com/jobs/770026461810813,META,"$191,000","Menlo Park, CA"
Data Engineer,https://vertexeducation.wd1.myworkdayjobs.com/en-US/VertexCareers/job/Chandler/Data-Engineer_R6209,vertex education,"$135,000",Unavailable
Data Engineer - AWS,https://www.monster.ca/job-openings/data-engineer-aws-remote-or--63a25145-3272-454d-b30d-d5554261aaa7,hirevouch,"$131,553",OR
Data Engineer,https://www.showbizjobs.com/jobs/netflix-data-engineer-in-los-angeles/jid-gx2ex1,Netflix,"$112,000",Unavailable
Data Engineer,https://www.disabledperson.com/jobs/57560192-data-engineer,The Judge Group Inc.,"$130,000","Austin, TX"
Data Engineer,https://www.disabledperson.com/jobs/57695465-data-engineer,Elder Research,"$190,990","Herndon, VA"
Data Engineer,https://www.dice.com/job-detail/77bb3ad2-1028-4ce3-952c-ee38df3501fb,LTIMindtree,"$140,213","Tampa, FL"
Data Engineer,https://atsapp.swarmhr.com/CareersWeb/#/job/twss/twss20231030R1682,"Thoughtwave Software And Solutions, Inc.",$0,GA
Data Engineer,https://www.builtinaustin.com/job/data/data-engineer/128102,OTTO,"$131,161","Austin, TX"
Data Engineer,https://atsapp.swarmhr.com/CareersWeb/#/job/twss/twss20231027R1472,"Thoughtwave Software And Solutions, Inc.","$166,632",AL
Data Engineer,https://gnw.wd1.myworkdayjobs.com/en-US/GNW/job/Raleigh-North-Carolina/Data-Engineer_REQ-230522-1,Genworth,"$166,510","Raleigh, NC"
Data Engineer,https://careers.leidos.com/jobs/13965040-data-engineer,Leidos,"$117,500","Arlington, VA"
Data Engineer,https://careers.leidos.com/jobs/13965039-data-engineer,Leidos,"$117,500","Ashburn, VA"
DATA ENGINEER with AWS,https://www.dice.com/job-detail/5fb411e3-7d62-4c08-8734-c0abfda33c23,"Hexaware Technologies, Inc","$144,788","Reston, VA"
Data Engineer,https://efds.fa.em5.oraclecloud.com/hcmUI/CandidateExperience/en/sites/CX_1/requisitions/preview/22240,Ford Motor Company,"$147,040","Dearborn, MI"
Data Engineer,https://jobs.lever.co/system1/1eacb093-ef16-4576-8df6-548cfdbd7538,System1,"$211,000","Seattle, WA"
Data Engineer,https://jobs.lever.co/system1/1eacb093-ef16-4576-8df6-548cfdbd7538,System1,"$211,000","Seattle, WA"
Data Engineer,https://cargomaticinc.applytojob.com/apply/jobs/details/Uanud4Q7aE?&,"Cargomatic, Inc.","$170,000","San Francisco, CA"
Staff Data Engineer,https://boards.greenhouse.io/hs/jobs/5452319,Headspace,"$190,100",Unavailable
Staff Data Engineer,https://jobs.fitt.co/posts/5452319-headspace-health-staff-data-engineer/,Headspace Health,"$190,100",Unavailable
Data Engineer,https://clearedjobs.net/job/data-engineer-arlington-virginia-1403890,Cna,"$159,158","Arlington, VA"
Data Engineer,https://www.optnation.com/data-engineer-job-in-charlotte-nc-view-jobid-35117,Twelve Labs,"$139,380","Charlotte, NC"
Data Engineer,https://careers.jobscore.com/careers/avispatechnology/jobs/data-engineer-cw2FUvUeDjAQC6HPQbrON1,Avispa LLC,"$177,407","South San Francisco, CA"
"Data Engineer, Boston, MA",https://www.techfetch.com/job-description/data-engineer-boston-ma-j3599197&aid=itjobsseo&utm_source=techfetch&utm_medium=web&utm_campaign=tfseo,INTONE NETWORKS,"$185,393","Boston, MA"
Data Engineer,https://milestone.wd1.myworkdayjobs.com/en-US/Milestone_External/job/MN-MinneapolisSt-Paul/Data-Warehouse-Engineer-III_R03014,Milestone AV Technologies LLC,"$134,554",MN
Data Engineer,https://tapwage.com/job/75282520-data-engineer,Central Garden & Pet,"$129,254","Schaumburg, IL"
Future Opportunities Data Engineer Co-Op (Summer 2024),https://www.gettinghired.com/job/retail/all/18292952/future-opportunities-data-engineer-co-op-summer-2024,THE HERSHEY COMPANY,"$113,978","Hershey, PA"
Data Engineer,https://tapwage.com/job/81178880-data-engineer,Tekmetric,"$144,788","Arlington, VA"
Data Engineer,https://www.biospace.com/job/2864851/data-engineer/,Takeda,"$110,000","Boston, MA"
"Data Engineer, Remote",http://corrona.hrmdirect.com/employment/job-opening.php?req=2775806&&cust_sort1=-1&#job,CORRONA,"$154,494","Waltham, MA"
Data Engineer,https://www.k12jobspot.com/Search/Opportunities,Rockford Public School District 205,"$140,000","Rockford, IL"
Staff Data Engineer,https://tapwage.com/job/78549297-staff-data-engineer,DoorDash,"$282,000","San Francisco, CA"
Data Engineer,https://atsapp.swarmhr.com/CareersWeb/#/job/twss/twss20231010R6714,"Thoughtwave Software And Solutions, Inc.","$99,270",AL
Data Engineer,https://www.dice.com/job-detail/8b90d752-0ca4-4af7-a3c5-d331d78f2aa9,Robert Half,"$105,212","Middleton, WI"
Data Engineer,https://de.jobsyn.org/4ad2962dc34d4d999a997f933520e1641387,"Legrand Av, Inc","$134,554","Saint Paul, MN"
Data Engineer,https://diversityjobs.com/career/6515604/Data-Warehouse-Engineer-Iii-Minnesota-Minneapolis,"Legrand AV, Inc.","$134,554","Minneapolis, MN"
Data Engineer,https://atsapp.swarmhr.com/CareersWeb/#/job/twss/twss20231003R9103,"Thoughtwave Software And Solutions, Inc.","$104,957",IL
Data Engineer,https://atsapp.swarmhr.com/CareersWeb/#/job/twss/twss20231003R2029,"Thoughtwave Software And Solutions, Inc.","$152,299",TX
Data Engineer,https://boards.greenhouse.io/shapetherapeutics/jobs/6956170002,Shape Therapeutics,"$144,000","Seattle, WA"
Data Engineer,https://www.dice.com/job-detail/f78ee002-db86-445b-bd7d-c43498e6e5bb,Impetus,"$112,000",Unavailable
Data Engineer,https://work180.com/en-us/for-women/employer/atlassian/job/594759/data-engineer #icon-map-pin #icon-clock,Atlassian,"$155,000","San Francisco, CA"
Data Engineer,https://www.builtinaustin.com/job/data-engineer/145532,Atlassian,"$186,800","Austin, TX"
Data Engineer,https://www.builtinnyc.com/job/data-engineer/251666,Atlassian,"$186,800","New York, NY"
Data Engineer,https://www.usajobs.gov/job/759326100,Other Agencies and Independent Organizations,"$145,617","Washington, DC"
Data Engineer,https://tapwage.com/job/74411609-data-engineer,Elder Research,"$144,788","Springfield, VA"
Data Engineer - AWS,https://www.dice.com/job-detail/dc9095e0-3117-436a-9810-145de0121d92,"iSpace, Inc",$0,"Los Angeles, CA"
Staff Data Engineer,https://tapwage.com/job/74422888-staff-data-engineer,Match Group,"$240,000","San Francisco, CA"
Data Engineer,https://atsapp.swarmhr.com/CareersWeb/#/job/twss/twss20230927R7968,"Thoughtwave Software And Solutions, Inc.","$187,664","Raritan, NJ"
Data Engineer,https://tapwage.com/job/74160504-data-engineer,Dematic,"$113,649","Atlanta, GA"
Data Engineer,https://heinz.wd1.myworkdayjobs.com/en-US/KraftHeinz_Careers/job/Virtual-USA/Data-Engineer_R-75143,The Kraft Heinz Company,"$104,200",Unavailable
Data Engineer,https://tapwage.com/job/74123236-data-engineer,Booz Allen Hamilton,"$166,000","McLean, VA"
Data Engineer,https://tapwage.com/job/74134331-data-engineer-remote,cyient,"$133,986","East Hartford, CT"
Data Engineer,https://atsapp.swarmhr.com/CareersWeb/#/job/twss/twss20230926R351,"Thoughtwave Software And Solutions, Inc.","$111,000",OH
Data Engineer,https://careers.boozallen.com/jobs/JobDetail/McLean-Data-Engineer-R0180781/85591,Booz Allen Hamilton Holding Corporation,"$166,000","McLean, VA"
Data Engineer,https://careers.leidos.com/jobs/13388137-data-engineer,Leidos Inc,"$117,500","McLean, VA"
Data Engineer,https://www.gettinghired.com/job/defense/all/18172466/data-engineer,Leidos,"$117,500","Virginia Beach, VA"
Data Engineer,https://tapwage.com/job/78926251-data-engineer,Booz Allen Hamilton,"$166,000","Chantilly, VA"
Staff Data Engineer,https://tapwage.com/job/73893656-staff-data-engineer,Linktree,"$225,000","San Francisco, CA"
Data Engineer,https://careers.boozallen.com/jobs/JobDetail/Chantilly-Data-Engineer-R0180329/85404,Booz Allen Hamilton Holding Corporation,"$133,000","Chantilly, VA"
Data Engineer,https://jobsapi.ceipal.com/APISource/v2/index.html?job_id=z5G7h3l6a1kMvyS65NP3c9hfie69XWrlXlp3zfWfLzk=,Q1 Technologies,"$125,228","Phoenix, AZ"
"Data Engineer, Norwalk, CT",https://www.techfetch.com/job-description/data-engineer-norwalk-ct-j3596681&aid=itjobsseo&utm_source=techfetch&utm_medium=web&utm_campaign=tfseo,Xllow,"$145,666","Norwalk, CT"
Data Engineer,https://de.jobsyn.org/53415e4633d64d5bbaa26ec306e194b71399,Jacobs Engineering Group,"$116,222","Sandusky, OH"
Data Engineer,https://colpipe.wd1.myworkdayjobs.com/en-US/Search/job/Alpharetta-GA/Data-Engineer_R0001112,Colonial Pipeline Company,$0,"Alpharetta, GA"
Data Engineer,https://tapwage.com/job/73627971-data-engineer,Axient,"$140,800","Huntsville, AL"
Data Engineer,https://www.dice.com/job-detail/e7bd9092-98bb-45ec-9f10-65fd205d28ff,Apex Systems,"$107,813","Montgomery, AL"
Data Engineer,https://www.optnation.com/data-engineer-job-in-ohio-city-oh-view-jobid-34723,MATAL,"$116,222","Ohio City, OH"
Data Engineer,https://boards.greenhouse.io/rockstargames/jobs/5711360003,Rockstar Games,"$119,400","Carlsbad, CA"
"(USA) Staff, Data Engineer",https://careers.walmart.com/us/jobs/WD1719400-usa-staff-data-engineer,Walmart,"$286,000","Sunnyvale, CA"
Data Engineer,https://tapwage.com/job/73351896-data-engineer,Wallenius Wilhelmsen,"$156,387","Parsippany, NJ"
Data Engineer,https://jobs.cvshealth.com/job/19867882/data-engineer/,CVS Health Corporation,"$111,159","Hartford, CT"
Data Engineer,https://atsapp.swarmhr.com/CareersWeb/#/job/twss/twss20230911R6614,"Thoughtwave Software And Solutions, Inc.","$105,293",TX
Data Engineer,https://www.snagajob.com/jobs/893719278,Gallagher,"$129,254","Rolling Meadows, IL"
Data Engineer,https://bpinternational.wd3.myworkdayjobs.com/en-US/bpCareers/job/US-Chicago/Data-engineer_RQ068861-1,BP Global,"$107,233","Chicago, IL"
Data Engineer - TS/SCI Required,https://www.workplacediversity.com/job/data-engineer-tssci-required-3645,LMI Consulting,"$190,990","Washington, DC"
Data Engineer - TS/SCI Required,https://hrjobs.icims.com/jobs/8488-10329?lang=en-us&previousLocale=en-US,"Icims.com, Inc","$190,990","Washington, DC"
Data Engineer - Hiring Immediately,https://grabjobs.co/us/job/full-time/technology/data-engineer-hiring-immediately-19448494,Capital One,"$185,393","Cambridge, MA"
Data Engineer - TS/SCI Required,https://careers-lmi.icims.com/jobs/10329/data-engineer---ts-sci-required/job?in_iframe=1,LMI,"$190,990","Washington, DC"
Data Engineer - TS/SCI Required,https://diversityjobs.com/career/6278858/Data-Engineer-Ts-Sci-Required-D-C-Washington,"LMI Consulting, LLC","$190,990","Washington, DC"
Data Engineer,https://www.optnation.com/data-engineer-job-in-texas-view-jobid-34532,Techoedge Corporation,"$90,000",TX
Data Engineer,https://www.resume-library.com/job/view/144645173/data-engineer,Mission Box Solutions,"$140,000","Dayton, OH"
Staff Data Engineer,https://startup.jobs/staff-data-engineer-kin-insurance-4870103,Kin Insurance,"$155,105","Chicago, IL"
